City_ID,City,Lat,Lng,Max Temp,Humidity,Cloudiness,Wind Speed,Country,Date
0,ngama,11.7833,17.1667,26.38,77,70,4.08,TD,1724524109
1,praia da vitoria,38.7333,-27.0667,25.14,61,20,3.41,PT,1724523991
2,anadyr,64.75,177.4833,7.28,75,0,3.0,RU,1724524104
3,sur,22.5667,59.5289,31.89,56,88,4.61,OM,1724524112
4,redcliff,-19.0333,29.7833,18.48,34,0,2.17,ZW,1724524113
5,port elizabeth,-33.918,25.5701,17.16,83,75,7.2,ZA,1724523998
6,kodiak,57.79,-152.4072,10.73,76,100,5.14,US,1724524097
7,adamstown,-25.066,-130.1015,19.09,69,89,6.51,PN,1724523935
8,wailua homesteads,22.0669,-159.378,23.96,94,73,0.89,US,1724524118
9,kalulushi,-12.8378,28.0919,19.52,31,0,2.85,ZM,1724524119
10,chonchi,-42.6128,-73.8092,10.62,64,100,2.03,CL,1724523984
11,portland,45.5234,-122.6762,19.4,77,75,2.57,US,1724523435
12,prince rupert,54.3161,-130.3201,13.83,88,100,3.09,CA,1724524123
13,albany,42.6001,-73.9662,27.97,55,17,0.89,US,1724523838
14,phan rang-thap cham,11.5667,108.9833,24.93,86,100,1.08,VN,1724524125
15,dingcheng,32.1272,115.0394,27.93,81,2,1.06,CN,1724524126
16,longyearbyen,78.2186,15.6401,11.91,66,0,0.0,SJ,1724524013
17,cadale,2.7603,46.3222,25.39,84,48,8.0,SO,1724524129
18,waitangi,-43.9535,-176.5597,11.01,98,23,1.34,NZ,1724523976
19,megion,61.0296,76.1136,14.01,90,100,5.63,RU,1724524131
20,lihue,21.9789,-159.3672,24.3,94,69,6.68,US,1724524132
21,rio preto da eva,-2.6994,-59.6997,40.51,18,53,3.06,BR,1724524133
22,smithers,54.7804,-127.1743,17.18,59,20,0.0,CA,1724524135
23,enewetak,11.3474,162.3373,28.33,79,87,6.76,MH,1724524052
24,tshabong,-26.05,22.45,20.97,19,0,4.95,BW,1724524137
25,avarua,-21.2078,-159.775,21.03,83,100,4.12,CK,1724523959
26,afaahiti,-17.75,-149.2833,23.64,78,98,4.91,PF,1724524139
27,toliara,-23.35,43.6667,21.26,46,1,8.7,MG,1724524140
28,pundong,-7.9522,110.3486,22.31,94,60,1.25,ID,1724524141
29,atafu village,-8.5421,-172.5159,27.4,81,69,9.1,TK,1724523983
30,port macquarie,-31.4333,152.9167,13.93,99,43,1.34,AU,1724524144
31,pontianak,-0.0333,109.3333,24.13,94,100,0.94,ID,1724524145
32,tura,25.5198,90.2201,23.45,98,82,1.79,IN,1724524085
33,puerto natales,-51.7236,-72.4875,9.25,57,40,1.03,CL,1724523972
34,rexburg,43.826,-111.7897,21.67,48,0,1.54,US,1724523941
35,puerto ayora,-0.7393,-90.3518,21.42,86,34,3.13,EC,1724524055
36,santa cruz,-17.8,-63.1667,16.03,59,100,7.72,BO,1724524027
37,pisco,-13.7,-76.2167,18.9,77,0,4.12,PE,1724524134
38,ilulissat,69.2167,-51.1,7.01,93,75,0.0,GL,1724523947
39,xinyuan,37.3,99.0,11.63,85,90,1.7,CN,1724524154
40,port-aux-francais,-49.35,70.2167,1.75,69,86,14.18,TF,1724523937
41,iqaluit,63.7506,-68.5145,9.85,57,75,8.23,CA,1724523949
42,broken hill,-31.95,141.4333,20.1,49,90,2.78,AU,1724524158
43,ushuaia,-54.8,-68.3,8.81,57,0,6.69,AR,1724524029
44,waddan,29.1614,16.139,33.85,27,0,4.86,LY,1724524160
45,zyryanovsk,49.7386,84.2719,15.54,90,99,2.6,KZ,1724524161
46,kourou,5.1552,-52.6478,30.32,64,23,5.8,GF,1724524162
47,codrington,-38.2667,141.9667,12.72,69,5,5.54,AU,1724524165
48,hawaiian paradise park,19.5933,-154.9731,24.94,98,100,5.66,US,1724523953
49,broome,42.2506,-75.833,27.23,47,20,0.89,US,1724524167
50,waspan,14.7419,-83.9717,33.06,54,25,2.55,NI,1724524168
51,bethel,41.3712,-73.414,28.34,52,40,2.57,US,1724523898
52,aykhal,66.0,111.5,10.43,90,100,7.09,RU,1724524171
53,new norfolk,-42.7826,147.0587,9.84,98,93,0.41,AU,1724524172
54,ha'il,27.5219,41.6907,38.01,15,0,3.09,SA,1724524173
55,margaret river,-33.95,115.0667,13.89,64,94,6.78,AU,1724523942
56,pallisa,1.145,33.7094,21.2,81,85,0.94,UG,1724524176
57,chernihiv,51.0,32.0,22.82,36,15,3.28,UA,1724524178
58,yellowknife,62.456,-114.3525,16.9,68,75,4.02,CA,1724524011
59,jamestown,42.097,-79.2353,26.68,37,0,3.58,US,1724524065
60,invercargill,-46.4,168.35,7.23,97,100,1.79,NZ,1724524055
61,grytviken,-54.2811,-36.5092,-1.71,73,18,3.17,GS,1724523954
62,kruisfontein,-34.0033,24.7314,14.52,75,35,9.03,ZA,1724524183
63,conception bay south,47.4999,-52.9981,22.53,67,9,6.06,CA,1724524185
64,punta arenas,-53.15,-70.9167,9.06,66,0,4.63,CL,1724524186
65,kerikeri,-35.2268,173.9474,7.83,95,8,1.5,NZ,1724524187
66,iskateley,67.6803,53.1512,16.87,76,78,3.7,RU,1724524113
67,aykol,38.1751,77.2132,23.7,44,37,4.46,CN,1724524189
68,juruti,-2.1522,-56.0922,37.19,31,8,3.67,BR,1724524191
69,cockburn town,21.4612,-71.1419,28.71,75,1,7.72,TC,1724524192
70,tiksi,71.6872,128.8694,5.2,99,82,0.71,RU,1724523975
71,aasiaat,68.7098,-52.8699,4.11,99,100,1.84,GL,1724524136
72,vorgashor,67.5833,63.95,11.33,82,34,3.24,RU,1724524184
73,el calafate,-50.3408,-72.2768,3.32,75,100,0.59,AR,1724524196
74,lompoc,34.6391,-120.4579,23.07,61,0,6.17,US,1724524198
75,ingeniero jacobacci,-41.3427,-69.5448,7.06,38,21,4.99,AR,1724524199
76,cannonvale,-20.2833,148.7,20.66,87,27,4.68,AU,1724524031
77,hovd,48.0056,91.6419,19.61,30,1,2.78,MN,1724524201
78,thompson,55.7435,-97.8558,23.09,64,75,2.57,CA,1724524047
79,east london,-33.0153,27.9116,17.52,77,20,4.12,ZA,1724524078
80,nogliki,51.8333,143.1667,8.44,83,0,4.77,RU,1724524205
81,constantia,44.1833,28.65,23.38,54,0,1.58,RO,1724523845
82,umba,66.6871,34.3429,13.46,89,28,7.09,RU,1724524207
83,yanchep,-31.55,115.6833,14.23,70,49,4.53,AU,1724524208
84,saint-pierre,-21.3393,55.4781,19.82,68,100,2.57,RE,1724524079
85,saint-francois,46.4154,3.9054,24.69,65,100,6.17,FR,1724524211
86,edinburgh of the seven seas,-37.0676,-12.3116,14.33,87,91,16.71,SH,1724523962
87,kiunga,-6.1219,141.2906,23.05,99,100,1.44,PG,1724524213
88,olonkinbyen,70.9221,-8.7187,6.29,89,100,2.18,SJ,1724524021
89,bonthe,7.5264,-12.505,24.94,89,100,5.7,SL,1724524215
90,west island,-12.1568,96.8225,23.99,94,75,6.69,CC,1724523933
91,sechura,-5.5569,-80.8222,24.21,57,22,6.18,PE,1724524219
92,bandipura,34.4167,74.65,19.25,57,0,2.85,IN,1724524220
93,mount isa,-20.7333,139.5,12.87,76,0,0.0,AU,1724524221
94,xichang,27.8964,102.2634,18.73,85,0,0.63,CN,1724524222
95,bilibino,68.0546,166.4372,4.22,76,96,1.35,RU,1724523966
96,belomorsk,64.5232,34.7668,15.45,87,7,4.39,RU,1724524225
97,yuzhno-kurilsk,44.0306,145.8556,15.74,89,7,1.67,RU,1724524226
98,vilyuchinsk,52.9306,158.4028,12.15,93,93,0.2,RU,1724524227
99,palmer,42.1584,-72.3287,28.58,46,0,0.89,US,1724524228
100,mhamid,29.82,-5.72,38.19,14,42,3.71,MA,1724524230
101,blackmans bay,-43.0167,147.3167,9.18,96,90,2.51,AU,1724523943
102,cartagena del chaira,1.3349,-74.8429,33.11,45,100,0.57,CO,1724524232
103,fort bragg,35.139,-79.006,27.04,50,0,3.09,US,1724523978
104,palu,-0.8917,119.8707,23.67,97,100,1.41,ID,1724524235
105,walvis bay,-22.9575,14.5053,15.41,68,0,7.41,NA,1724524237
106,acapulco de juarez,16.8634,-99.8901,30.9,70,20,5.14,MX,1724524085
107,pacific grove,36.6177,-121.9166,23.56,69,0,4.12,US,1724524239
108,tazovsky,67.4667,78.7,8.59,85,14,2.72,RU,1724524240
109,al jawf,29.5,38.75,31.24,26,0,4.85,SA,1724524241
110,aldan,58.6031,125.3894,12.38,92,100,1.59,RU,1724524242
111,qaqortoq,60.7167,-46.0333,8.54,76,50,3.01,GL,1724524022
112,udachny,66.4167,112.4,11.59,91,99,6.88,RU,1724524033
113,whitehorse,60.7161,-135.0538,12.23,69,75,8.23,CA,1724524040
114,fortuna,40.5982,-124.1573,19.08,84,40,0.0,US,1724524247
115,manta,-0.95,-80.7333,27.88,61,40,3.09,EC,1724524205
116,zhangjiakou,40.81,114.8794,20.59,55,100,1.93,CN,1724524250
117,yoloten,37.2989,62.3597,28.21,19,0,3.32,TM,1724524251
118,kailua-kona,19.6406,-155.9956,27.98,82,20,2.06,US,1724524159
119,flying fish cove,-10.4217,105.6791,24.82,83,100,5.14,CX,1724524253
120,mumbai,19.0144,72.8479,26.99,83,100,5.14,IN,1724523991
121,fale old settlement,-9.3852,-171.2468,27.02,82,45,8.63,TK,1724524255
122,georgetown,5.4112,100.3354,26.64,87,20,1.54,MY,1724524157
123,susuman,62.7833,148.1667,9.34,64,66,1.26,RU,1724524211
124,college,64.8569,-147.8028,8.38,87,75,2.57,US,1724524162
125,crane,31.3974,-102.3501,37.26,23,0,5.56,US,1724524260
126,trairi,-3.2778,-39.2689,28.73,59,71,7.58,BR,1724524000
127,santa elena de uairen,4.6167,-61.1333,25.91,64,73,3.84,VE,1724524262
128,keflavik,64.0049,-22.5624,9.24,71,75,11.83,IS,1724523982
129,luderitz,-26.6481,15.1594,14.08,88,0,4.72,NA,1724524258
130,holualoa,19.6228,-155.9522,25.91,82,20,2.06,US,1724524266
131,papatowai,-46.5619,169.4708,6.25,95,100,2.44,NZ,1724523973
132,kalmunai,7.4167,81.8167,28.07,79,95,3.32,LK,1724524049
133,kimbe,-5.5502,150.1429,23.11,96,100,3.24,PG,1724524269
134,lebu,-37.6167,-73.65,11.04,53,91,2.46,CL,1724523692
135,la'ie,21.6477,-157.9253,26.73,79,63,5.36,US,1724524272
136,okhotsk,59.3833,143.3,13.09,79,0,3.57,RU,1724524273
137,illizi,26.4833,8.4667,37.7,21,0,5.05,DZ,1724524207
138,koungheul,13.9833,-14.8,28.45,79,100,2.78,SN,1724524277
139,arteche,12.2645,125.4048,25.03,93,100,1.84,PH,1724524281
140,bardai,11.65,7.2333,22.89,85,100,3.08,NG,1724524282
141,hermanus,-34.4187,19.2345,8.78,80,1,5.28,ZA,1724524262
142,hryhoriopol,47.1536,29.2964,23.43,29,11,2.51,MD,1724524286
143,argostolion,38.1811,20.489,29.04,84,20,3.6,GR,1724524240
144,tokar,18.4254,37.729,29.19,55,100,10.08,SD,1724524288
145,wuhu,31.3366,118.3755,26.56,82,12,2.77,CN,1724524289
146,oranjemund,-28.55,16.4333,13.46,93,4,2.25,NA,1724524290
147,thunder bay,48.4001,-89.3168,26.95,57,40,4.63,CA,1724524241
148,mala,-12.6581,-76.6308,18.46,73,6,4.28,PE,1724524293
149,geraldton,-28.7667,114.6,15.23,77,75,3.09,AU,1724524294
150,vadso,70.0744,29.7487,16.09,82,20,4.12,NO,1724523823
151,horta,38.5333,-28.6333,24.8,80,20,3.6,PT,1724523783
152,laguna,38.421,-121.4238,20.62,76,100,3.6,US,1724524166
153,kongsvinger,60.1905,11.9977,10.7,95,100,3.12,NO,1724524298
154,ta`u,-14.2336,-169.5144,25.74,76,100,10.78,AS,1724524300
155,albu kamal,34.45,40.9186,35.4,24,0,3.79,SY,1724524302
156,careiro da varzea,-3.2003,-59.8119,35.34,25,9,1.95,BR,1724524303
157,altay,47.8667,88.1167,19.95,33,52,2.33,CN,1724524304
158,ugoofaaru,5.6667,73.0,27.92,74,100,4.3,MV,1724524305
159,timbuktu,16.7735,-3.0074,32.7,45,17,7.31,ML,1724524307
160,badger,64.8,-147.5333,8.33,86,75,2.57,US,1724524081
161,st. john's,47.5649,-52.7093,23.49,57,40,9.77,CA,1724523818
162,awjilah,29.1081,21.2869,33.5,33,0,9.1,LY,1724524310
163,balsas,-7.5325,-46.0356,37.12,20,52,4.0,BR,1724524312
164,cabo san lucas,22.8909,-109.9124,33.2,55,20,5.66,MX,1724524139
165,yajiwa,11.3839,12.7236,25.34,75,99,3.12,NG,1724524314
166,hasaki,35.7333,140.8333,26.71,89,100,6.45,JP,1724523981
167,port shepstone,-30.7414,30.455,20.16,76,0,5.74,ZA,1724523780
168,port mathurin,-19.6833,63.4167,21.85,82,100,7.53,MU,1724524063
169,muana,-1.5283,-49.2167,33.6,41,87,1.84,BR,1724524319
170,igbeti,8.75,4.1333,22.9,95,100,2.04,NG,1724524320
171,kutum,14.2,24.6667,22.72,79,100,4.86,SD,1724524321
172,arraial do cabo,-22.9661,-42.0278,25.98,69,40,4.12,BR,1724524322
173,rio grande,-32.035,-52.0986,11.06,61,100,6.78,BR,1724524323
174,upington,-28.4478,21.2561,17.21,34,0,3.6,ZA,1724524058
175,severo-yeniseyskiy,60.3725,93.0408,10.56,93,57,1.58,RU,1724524326
176,zeya,53.75,127.2667,14.89,77,100,2.09,RU,1724524327
177,omdurman,15.6445,32.4777,29.82,56,100,3.49,SD,1724524328
178,hammerfest,70.6634,23.6821,17.25,77,75,2.06,NO,1724523773
179,utrik,11.2278,169.8474,27.78,76,100,5.25,MH,1724524271
180,bredasdorp,-34.5322,20.0403,9.83,79,1,3.72,ZA,1724524332
181,petropavlovsk-kamchatsky,53.0452,158.6483,11.33,100,100,2.0,RU,1724524073
182,woolgoolga,-30.1106,153.2007,17.93,81,7,3.96,AU,1724524066
183,bamboo flat,11.7,92.7167,27.05,89,40,1.03,IN,1724524335
184,bartica,6.4,-58.6167,30.89,59,92,2.16,GY,1724524336
185,port augusta,-32.5,137.7667,18.42,73,100,3.26,AU,1724524337
186,soligalich,59.0778,42.2864,13.47,95,1,2.17,RU,1724524338
187,vila franca do campo,37.7167,-25.4333,25.23,59,1,2.6,PT,1724523913
188,tome acu,-2.4189,-48.1522,37.4,23,99,1.58,BR,1724524341
189,smara,26.7384,-11.6719,27.15,47,0,7.69,EH,1724524342
190,xining,36.6167,101.7667,17.77,94,100,1.22,CN,1724524343
191,formosa do rio preto,-11.0483,-45.1931,33.4,21,11,2.76,BR,1724524344
192,inhambane,-23.865,35.3833,18.99,82,20,2.06,MZ,1724524226
193,richards bay,-28.783,32.0377,20.15,59,0,8.79,ZA,1724524347
194,berdigestyakh,62.0989,126.6992,15.0,79,100,2.94,RU,1724524349
195,namsos,64.4662,11.4957,13.95,82,40,1.54,NO,1724524350
196,hancheng,32.5186,112.3522,27.72,83,99,2.5,CN,1724524351
197,villa gesell,-37.2639,-56.973,8.97,67,100,8.97,AR,1724524353
198,kingston,17.997,-76.7936,32.53,58,20,6.69,JM,1724524192
199,kotlas,61.2611,46.6556,13.84,97,24,2.11,RU,1724524355
200,alto araguaia,-17.3147,-53.2153,32.68,23,87,8.04,BR,1724524356
201,labytnangi,66.6572,66.4183,11.28,86,33,2.3,RU,1724524067
202,chibougamau,49.9168,-74.3659,17.79,82,100,3.09,CA,1724524358
203,kitob,39.0843,66.8332,24.47,20,0,1.82,UZ,1724524360
204,haiku-pauwela,20.9219,-156.3051,24.73,91,65,5.81,US,1724524361
205,pul-e 'alam,33.9953,69.0227,22.43,37,0,1.38,AF,1724524362
206,mikomeseng,2.1361,10.6132,21.09,88,100,1.29,GQ,1724524363
207,margate,51.3813,1.3862,16.04,86,100,0.45,GB,1724524139
208,el granada,37.5027,-122.4694,22.78,73,100,5.14,US,1724524300
209,tofol,5.3248,163.0078,28.44,74,98,5.0,FM,1724523799
210,shahrinav,38.5709,68.335,24.19,19,0,2.36,TJ,1724524368
211,saipan,15.1355,145.701,28.39,78,40,1.54,MP,1724524369
212,alotau,-10.3069,150.4462,23.01,95,96,2.61,PG,1724524370
213,picos,-7.0769,-41.4669,36.69,19,10,2.52,BR,1724524371
214,korla,41.7597,86.1469,26.62,39,0,3.11,CN,1724524199
215,guerrero negro,27.9769,-114.0611,25.04,54,0,6.26,MX,1724524255
216,maine soroa,13.2114,12.0241,29.35,56,100,3.9,NE,1724524375
217,ancud,-41.8697,-73.8203,8.62,68,100,1.91,CL,1724524284
218,yarmouth,41.7057,-70.2286,27.29,62,0,4.63,US,1724524228
219,forster,-32.1667,152.5167,18.04,70,100,2.67,AU,1724524256
220,mossel bay,-34.1831,22.146,13.96,71,34,5.81,ZA,1724524379
221,cedeira,43.6797,-8.0209,19.43,68,9,4.5,ES,1724524380
222,tolanaro,-25.0319,46.9987,20.04,52,75,5.14,MG,1724524382
223,pocoes,-14.5297,-40.3653,25.92,40,4,4.04,BR,1724524228
224,zhangye,38.9342,100.4517,19.38,72,100,4.0,CN,1724524384
225,sao vicente,-23.9631,-46.3919,18.32,26,100,1.03,BR,1724524251
226,sinan,34.8262,126.1086,24.67,88,0,0.37,KR,1724524386
227,belmonte,-15.8631,-38.8828,25.66,61,88,3.69,BR,1724524387
228,frolovo,49.7713,43.6622,21.75,34,4,2.63,RU,1724524389
229,ciudad benito juarez,25.65,-100.0833,32.46,55,20,4.63,MX,1724524253
230,kitui,-1.367,38.0106,20.24,54,2,5.61,KE,1724524391
231,al fallujah,33.3538,43.7795,40.87,10,93,3.03,IQ,1724524392
232,esens,53.6487,7.6127,16.08,100,27,8.75,DE,1724524393
233,dryden,49.7833,-92.7503,27.16,50,0,4.63,CA,1724524395
234,redencao,-4.2258,-38.7306,31.1,41,100,5.89,BR,1724524396
235,orange walk,17.8333,-88.8333,29.65,79,100,1.45,BZ,1724524397
236,nizhnesortymskiy,62.4397,71.7603,11.35,74,25,5.73,RU,1724524398
237,selfoss,63.9331,-20.9971,8.36,75,100,5.52,IS,1724524282
238,nueva villa de padilla,24.0167,-98.7833,36.7,32,4,2.43,MX,1724524400
239,yakeshi,49.2833,120.7333,12.82,89,100,3.37,CN,1724524402
240,javea,38.7833,0.1667,28.09,80,0,3.58,ES,1724524403
241,talnakh,69.4865,88.3972,11.88,77,95,2.33,RU,1724524024
242,minot air force base,48.4209,-101.3391,29.05,65,40,6.69,US,1724524405
243,klaksvik,62.2266,-6.589,10.75,81,95,3.36,FO,1724524406
244,umraniye,41.0164,29.1248,25.28,71,51,4.41,TR,1724524407
245,port alfred,-33.5906,26.891,14.54,87,35,0.45,ZA,1724524409
246,yasuj,30.6682,51.588,25.75,53,20,3.09,IR,1724524410
247,ketchikan,55.3422,-131.6461,15.26,82,75,3.09,US,1724524411
248,bouarfa,32.53,-1.95,30.4,23,96,7.81,MA,1724524412
249,kapenguria,1.2511,35.0895,13.85,89,94,2.72,KE,1724524413
250,mount gambier,-37.8333,140.7667,12.65,70,19,3.83,AU,1724524069
251,rongelap,11.1635,166.8941,28.02,72,100,6.03,MH,1724524101
252,mahibadhoo,3.7833,72.9667,27.91,75,100,3.86,MV,1724524417
253,chandbali,20.7833,86.7667,25.1,93,100,4.42,IN,1724524418
254,macapa,0.0389,-51.0664,32.99,62,40,3.6,BR,1724524204
255,maqat,47.65,53.3167,23.81,26,3,4.46,KZ,1724524420
256,uturoa,-16.7333,-151.4333,25.87,79,85,7.49,PF,1724524421
257,puerto baquerizo moreno,-0.9,-89.6,23.55,64,40,6.69,EC,1724524000
258,alta,69.9689,23.2717,16.59,79,100,1.54,NO,1724524154
259,cill airne,52.05,-9.5167,13.03,76,75,3.09,IE,1724524425
260,nemuro,43.3236,145.575,16.91,88,59,4.13,JP,1724524426
261,saskatoon,52.1168,-106.6345,25.99,39,20,4.63,CA,1724524386
262,dakingari,11.6451,4.0605,25.7,83,51,2.51,NG,1724524428
263,nenjiang,49.1833,125.2167,17.79,98,100,4.97,CN,1724524430
264,isla mujeres,21.2311,-86.731,32.03,71,95,4.04,MX,1724524431
265,el alto,-4.2714,-81.2147,19.69,71,30,8.87,PE,1724524432
266,sittwe,20.15,92.9,25.15,95,100,3.05,MM,1724524433
267,polovinnoye,54.7914,65.9864,10.22,89,59,5.93,RU,1724524434
268,bocas del toro,9.3333,-82.25,29.0,68,99,3.93,PA,1724524435
269,coahuayana de hidalgo,18.7,-103.6583,30.31,69,86,1.97,MX,1724524437
270,pandan,14.0453,124.1694,26.63,88,100,2.31,PH,1724524212
271,luba,3.4568,8.5547,24.94,87,95,2.88,GQ,1724524439
272,jiayuguan,39.8167,98.3,17.36,74,71,1.3,CN,1724524440
273,vodice,43.7608,15.7828,30.39,59,32,2.25,HR,1724524441
274,kapuskasing,49.4169,-82.4331,22.0,78,75,3.09,CA,1724523962
275,toamasina,-18.1667,49.3833,20.0,94,75,3.6,MG,1724524444
276,yayladagi,35.9025,36.0627,23.46,84,39,3.59,TR,1724524445
277,mogocha,53.7333,119.7667,12.48,96,100,2.48,RU,1724524446
278,buzuluk,52.7807,52.2635,18.3,57,2,2.25,RU,1724524333
279,saint-philippe,-21.3585,55.7679,18.83,68,32,5.97,RE,1724524448
280,westport,41.1415,-73.3579,28.64,54,0,3.6,US,1724524377
281,hithadhoo,-0.6,73.0833,28.2,73,19,2.4,MV,1724524114
282,stropkov,49.2021,21.6522,20.92,50,100,1.07,SK,1724524452
283,kavieng,-2.5744,150.7967,27.44,79,100,4.99,PG,1724524453
284,shinas,24.7433,56.4658,32.39,58,99,3.31,OM,1724524454
285,morehead city,34.7229,-76.726,28.35,73,40,6.69,US,1724524425
286,fisterra,42.9049,-9.2629,18.53,66,0,7.87,ES,1724524457
287,verkhneural'sk,53.8769,59.2106,11.09,82,100,1.14,RU,1724524458
288,kapa'a,22.0752,-159.319,27.18,87,75,9.26,US,1724524325
289,papao,-17.75,-149.55,26.82,76,100,4.35,PF,1724524460
290,lorengau,-2.0226,147.2712,26.96,82,26,3.62,PG,1724524461
291,hamilton,39.1834,-84.5333,32.97,46,20,2.06,US,1724523908
292,tangalle,6.024,80.7911,25.72,88,100,4.57,LK,1724524464
293,novokayakent,42.3937,47.9861,23.47,68,100,2.58,RU,1724524465
294,correntina,-13.3433,-44.6367,32.11,20,0,2.57,BR,1724524466
295,arnprior,45.4334,-76.3494,24.76,42,100,0.78,CA,1724524243
296,mahina,-17.5065,-149.489,26.87,69,0,1.54,PF,1724524468
297,kenton,38.9501,-84.5333,32.88,45,75,2.06,US,1724524469
298,am timan,11.0297,20.2827,22.96,95,100,2.31,TD,1724524471
299,klyuchi,52.2667,79.1667,17.14,72,52,3.45,RU,1724523938
300,san antonio de pale,-1.4014,5.6325,23.59,83,0,4.04,GQ,1724524411
301,aktau,43.65,51.2,26.32,33,97,6.69,KZ,1724524474
302,sinabang,2.4803,96.3801,25.21,86,100,1.56,ID,1724524475
303,turtas,58.9417,69.1325,12.05,97,100,5.13,RU,1724524476
304,ribeira grande,38.5167,-28.7,25.22,73,20,3.6,PT,1724524178
305,telhara,21.0269,76.8389,23.64,95,100,7.12,IN,1724524479
306,vyazemskiy,47.5378,134.7525,12.7,94,100,2.02,RU,1724524480
307,sao felix do xingu,-6.6447,-51.995,38.6,18,9,1.48,BR,1724524481
308,puerto carreno,6.189,-67.4859,31.99,62,40,3.09,CO,1724524482
309,alofi,-19.0595,-169.9187,19.94,94,20,1.03,NU,1724524483
310,suva,-18.1416,178.4415,23.71,88,40,3.09,FJ,1724524485
311,laojunmiao,39.8333,97.7333,14.56,81,59,1.41,CN,1724524486
312,gunnedah,-30.9833,150.25,15.15,72,100,2.11,AU,1724524487
313,santarem,-2.4431,-54.7083,33.07,55,40,7.72,BR,1724524308
314,zouerate,22.7187,-12.4521,35.35,14,5,5.7,MR,1724524406
315,hampton bays,40.869,-72.5176,26.09,72,8,2.68,US,1724524491
316,tangail,24.25,89.9167,26.94,86,100,1.75,BD,1724524492
317,pucallpa,-8.3791,-74.5539,35.02,49,40,1.03,PE,1724524321
318,al burayqah,30.4062,19.5739,27.85,78,0,6.32,LY,1724524494
319,hun,29.1268,15.9477,33.16,28,0,5.15,LY,1724524495
320,richmond,37.5538,-77.4603,30.58,42,20,2.57,US,1724524268
321,vernon,50.2581,-119.2691,15.97,66,100,1.03,CA,1724524498
322,zhytkavichy,52.2168,27.8561,19.98,45,91,1.93,BY,1724524499
323,port saint john's,-31.6229,29.5448,19.48,90,1,10.94,ZA,1724523944
324,san pedro pochutla,15.7333,-96.4667,33.73,48,11,3.51,MX,1724524501
325,kedougou,12.5579,-12.1743,29.32,84,20,2.06,SN,1724524502
326,puerto quijarro,-17.7833,-57.7667,26.27,37,19,4.33,BO,1724524504
327,luocheng,29.3848,104.0286,28.25,77,100,1.67,CN,1724524505
328,port lincoln,-34.7333,135.8667,16.67,60,3,7.55,AU,1724524036
329,yeppoon,-23.1333,150.7333,19.15,91,21,2.74,AU,1724524507
330,stanley,54.868,-1.6985,14.04,64,20,7.72,GB,1724523958
331,belen,36.4891,36.2233,24.08,74,40,4.63,TR,1724524510
332,isafjordur,66.0755,-23.124,2.44,98,100,5.13,IS,1724524027
333,igarka,67.4667,86.5833,8.58,78,0,3.2,RU,1724524512
334,kincardine,56.0667,-3.7167,13.15,85,32,6.12,GB,1724524513
335,alice springs,-23.7,133.8833,20.75,43,11,3.09,AU,1724524514
336,merizo village,13.2658,144.6691,27.21,94,100,1.53,GU,1724524515
337,puerto armuelles,8.2833,-82.8667,28.38,73,100,1.79,PA,1724524278
338,damara,4.9608,18.7035,22.25,92,100,1.48,CF,1724524518
339,remire-montjoly,4.9167,-52.2667,32.02,70,75,6.17,GF,1724524152
340,wenling,28.3669,121.36,26.03,90,59,2.82,CN,1724524520
341,xiongzhou,25.1167,114.3,24.65,93,28,1.39,CN,1724524521
342,turkmenabat,39.0733,63.5786,29.99,23,0,4.12,TM,1724524522
343,port said,31.2565,32.2841,28.99,79,0,5.14,EG,1724524524
344,alpena,45.0617,-83.4327,25.62,67,75,2.06,US,1724524525
345,kalabo,-14.97,22.6814,19.8,22,0,2.2,ZM,1724524526
346,port blair,11.6667,92.75,27.02,89,40,1.03,IN,1724524527
347,kuqa,41.7278,82.9364,25.58,39,97,3.16,CN,1724524528
348,nabire,-3.3667,135.4833,23.56,95,92,1.55,ID,1724524283
349,okahao,-17.885,15.0667,21.98,15,0,4.27,NA,1724524532
350,leninskoye,41.7589,69.3864,20.6,36,0,4.53,KZ,1724524533
351,pangody,65.85,74.4859,11.9,84,95,3.81,RU,1724524050
352,mandan,46.8267,-100.8896,29.56,79,20,8.23,US,1724524535
353,dwarka,22.2394,68.9678,27.93,79,99,8.91,IN,1724524043
354,narra,9.3167,118.4,25.33,88,100,0.48,PH,1724524538
355,kargopol',61.5071,38.9456,13.96,96,2,2.27,RU,1724524539
356,male,4.1748,73.5089,27.97,83,75,2.57,MV,1724524540
357,cabedelo,-6.9811,-34.8339,28.37,75,4,6.8,BR,1724524541
358,as samawah,31.332,45.2944,41.49,9,0,1.67,IQ,1724524542
359,sai buri,6.7013,101.6168,24.47,92,100,2.07,TH,1724524545
360,ubon ratchathani,15.1667,105.1667,25.64,82,100,2.18,TH,1724524546
361,nichinan,31.6,131.3667,25.37,91,49,0.49,JP,1724524547
362,amungan,15.3652,119.9582,27.3,79,100,1.22,PH,1724524548
363,fukuecho,32.6881,128.8419,28.21,83,40,2.18,JP,1724524549
364,katerero,-1.4,31.7333,22.46,55,75,0.63,TZ,1724524551
365,nar'yan-mar,67.6713,53.087,16.68,76,95,3.83,RU,1724524410
366,lar,26.2039,83.9717,26.88,85,24,3.03,IN,1724524553
367,gevrai,19.2667,75.75,23.67,86,100,6.07,IN,1724524554
368,cidade velha,14.9167,-23.6167,30.26,62,20,4.63,CV,1724524555
369,sitka,57.0531,-135.33,13.94,88,75,0.0,US,1724524556
370,dzhalagash,45.0833,64.6667,20.03,34,0,3.56,KZ,1724524558
371,naze,28.3667,129.4833,25.51,83,74,1.44,JP,1724524481
372,soio,-6.1349,12.3689,21.95,86,9,3.83,AO,1724524560
373,stuttgart,48.7823,9.177,28.78,42,0,1.54,DE,1724524559
374,odienne,9.51,-7.5692,22.78,95,100,3.67,CI,1724524563
375,koshki,54.2091,50.4677,17.87,77,100,2.83,RU,1724524565
376,sipalay,9.75,122.5,25.25,91,100,2.47,PH,1724524566
377,daru,-9.0763,143.2092,24.79,87,100,8.53,PG,1724524291
378,ubari,26.5921,12.7805,36.37,26,0,2.76,LY,1724524569
379,ghadamis,30.1337,9.5007,32.88,18,0,5.41,LY,1724524570
380,scottburgh,-30.2867,30.7532,19.58,76,0,3.58,ZA,1724524571
381,bayou cane,29.6241,-90.7512,33.0,60,75,5.14,US,1724524277
382,sinop,41.7711,34.8709,18.27,74,100,2.0,TR,1724524573
383,lengshuitan,26.4111,111.5956,25.41,88,58,2.46,CN,1724524576
384,kuressaare,58.2481,22.5039,16.97,77,0,4.12,EE,1724524577
385,gilgit,35.9221,74.3087,25.06,42,19,1.8,PK,1724524578
386,oum hadjer,13.2954,19.6966,28.28,67,100,6.3,TD,1724524579
387,lerwick,60.1545,-1.1494,12.2,81,49,8.61,GB,1724524491
388,russkaya polyana,49.417,31.9201,21.84,39,7,3.42,UA,1724524583
389,olinda,-8.0089,-34.8553,27.85,69,40,6.69,BR,1724524028
390,kralendijk,12.15,-68.2667,32.99,58,40,6.69,BQ,1724524585
391,san sebastian de la gomera,28.0916,-17.1133,28.2,57,0,4.12,ES,1724524586
392,kavaratti,10.5669,72.642,26.81,87,100,5.9,IN,1724524587
393,gadzhiyevo,69.2551,33.3362,15.69,78,100,6.98,RU,1724524588
394,conduaga,8.862,117.4893,25.75,88,100,0.58,PH,1724524155
395,lashio,22.9333,97.75,19.87,100,100,0.62,MM,1724524591
396,aulnoye-aymeries,50.2014,3.8384,16.72,91,99,7.19,FR,1724524592
397,springs,-26.25,28.4,14.81,59,0,2.69,ZA,1724524593
398,gaigeturi,33.4644,126.3183,27.03,78,0,2.06,KR,1724524594
399,wad rawah,15.1603,33.1397,27.37,70,100,3.09,SD,1724524595
400,lepsy,46.235,78.9456,23.53,43,20,8.45,KZ,1724524597
401,jaciara,-15.9653,-54.9683,33.63,28,100,4.56,BR,1724524598
402,katsuren-haebaru,26.3369,127.8719,29.21,87,0,5.14,JP,1724524600
403,darnah,32.767,22.6367,27.81,81,0,10.08,LY,1724524601
404,coyuca de catalan,18.3333,-100.65,30.28,69,84,0.32,MX,1724524603
405,sibut,5.718,19.0739,21.57,93,100,1.51,CF,1724524604
406,greymouth,-42.4667,171.2,11.24,90,99,5.44,NZ,1724524409
407,kayes,14.0,-11.0,26.69,81,59,2.18,ML,1724524606
408,lekeitio,43.3666,-2.5007,19.26,88,99,2.96,ES,1724524607
409,kolaras,25.2333,77.6,24.04,94,99,4.23,IN,1724524608
410,arklow,52.7931,-6.1414,12.57,81,56,5.92,IE,1724524610
411,noumea,-22.2763,166.4572,19.44,81,7,0.65,NC,1724524611
412,los llanos de aridane,28.6585,-17.9182,24.51,69,75,5.14,ES,1724524612
413,jean-rabel,19.8533,-73.1917,33.08,54,21,5.2,HT,1724524613
414,ulaangom,49.9811,92.0667,17.21,38,6,1.49,MN,1724524614
415,vila velha,-20.3297,-40.2925,28.97,73,0,8.23,BR,1724524172
416,la passe,45.5549,-0.8967,19.18,75,48,6.07,FR,1724524617
417,nova sintra,14.8667,-24.7167,27.14,80,11,8.88,CV,1724524133
418,turpan,42.9333,89.1667,33.96,18,0,0.91,CN,1724524619
419,rockland,41.1668,-74.0496,29.36,51,0,2.18,US,1724524620
420,usinsk,65.9939,57.5281,16.1,62,64,4.0,RU,1724524179
421,talghar,43.3044,77.2328,18.03,60,75,3.0,KZ,1724524624
422,isangel,-19.55,169.2667,20.49,81,15,2.33,VU,1724524625
423,villa emilio carranza,19.9667,-96.6,30.07,64,13,4.23,MX,1724524627
424,ndele,8.4109,20.6473,21.79,98,100,2.23,CF,1724524628
425,mil'kovo,55.6078,37.7956,20.19,64,80,2.72,RU,1724524158
426,karratha,-20.7377,116.8463,21.81,42,0,5.2,AU,1724524631
427,coquimbo,-29.9533,-71.3436,17.85,45,0,4.63,CL,1724524632
428,swan hill,-35.3378,143.5544,13.49,75,100,3.7,AU,1724524633
429,escarcega,18.6089,-90.7454,37.64,29,6,1.51,MX,1724524634
430,rotorua,-38.1387,176.2452,7.74,91,44,1.2,NZ,1724524635
431,polyarnyy,69.1989,33.4478,15.33,78,100,7.36,RU,1724524393
432,fada,7.25,4.0667,25.37,94,75,3.6,NG,1724524638
433,ust-nera,64.5667,143.2,9.62,88,34,1.09,RU,1724524051
434,viana do castelo,41.6932,-8.8329,17.94,72,0,9.06,PT,1724524640
435,choibalsan,48.0667,114.5,12.99,66,0,4.4,MN,1724524641
436,nalut,30.3333,10.85,31.23,19,0,5.29,LY,1724524642
437,bel ombre,-4.6167,55.4167,25.91,89,40,2.57,SC,1724524414
438,extrema,-22.8547,-46.3183,28.61,26,97,6.32,BR,1724524645
439,mejit,10.2753,170.8646,27.6,83,89,5.17,MH,1724524646
440,mbanza-ngungu,-5.25,14.8667,26.25,46,2,3.85,CD,1724524647
441,happy valley-goose bay,53.3168,-60.3315,28.17,32,20,3.09,CA,1724524083
442,evansville,37.9748,-87.5558,33.13,49,0,5.14,US,1724524568
443,feijo,-8.1642,-70.3536,39.0,24,78,1.12,BR,1724524651
444,saint-gaudens,43.0833,0.6667,19.46,97,100,2.95,FR,1724524652
445,vorkuta,67.5,64.0,10.89,86,54,3.36,RU,1724524653
446,new kingman-butler,35.265,-114.0323,30.66,22,0,10.8,US,1724524654
447,tomatlan,19.9333,-105.25,25.56,89,100,1.21,MX,1724524655
448,luganville,-15.5333,167.1667,22.23,86,100,2.0,VU,1724524617
449,luwuk,-0.9516,122.7875,21.67,83,77,2.06,ID,1724524658
450,ilhabela,-23.7781,-45.3581,20.25,92,64,4.96,BR,1724524659
451,neelankarai,12.9455,80.2575,31.15,69,40,5.14,IN,1724524660
452,talas,38.6908,35.5538,18.37,68,75,1.03,TR,1724524661
453,tanumah,27.1,44.1333,34.06,14,0,3.45,SA,1724524662
454,gazojak,41.1875,61.4036,25.06,25,17,6.31,TM,1724524663
455,newcastle,-32.9272,151.7765,22.06,57,100,7.72,AU,1724524665
456,harar,9.3094,42.1258,15.66,80,71,1.24,ET,1724524666
457,weilheim an der teck,48.6157,9.5375,25.07,60,1,3.72,DE,1724524668
458,nizhniy kuranakh,58.8353,125.4869,13.72,92,100,1.18,RU,1724524669
459,ceeldheer,3.8488,47.1806,25.24,82,9,8.11,SO,1724524671
460,urzhar,47.093,81.6294,18.62,78,100,1.45,KZ,1724524672
461,gusinoozyorsk,51.2833,106.5,14.5,58,96,2.36,RU,1724524392
462,beyneu,45.3167,55.2,27.19,24,100,2.8,KZ,1724524619
463,porto novo,6.4965,2.6036,24.9,86,24,2.4,BJ,1724524579
464,mermoz boabab,14.7065,-17.4758,28.88,79,0,2.06,SN,1724524394
465,arnemuiden,51.5,3.6761,17.77,93,75,6.69,NL,1724524677
466,lagoa,39.05,-27.9833,22.18,63,0,2.63,PT,1724524679
467,michigan city,41.7075,-86.895,31.74,61,40,3.09,US,1724524680
468,harper,4.375,-7.7169,24.37,84,100,5.4,LR,1724524681
469,piti village,13.4626,144.6933,28.03,90,40,0.0,GU,1724524682
470,novofedorivka,46.1713,32.3178,25.98,45,0,3.24,UA,1724524683
471,ilomantsi,62.6716,30.9328,14.56,81,36,3.58,FI,1724524685
472,malvan,16.0667,73.4667,24.69,95,100,3.87,IN,1724524686
473,weno,7.4515,151.8468,25.97,94,75,2.06,FM,1724524687
474,ratnagiri,16.9833,73.3,25.14,92,100,4.34,IN,1724524688
475,olyokminsk,60.3736,120.4264,12.75,96,100,2.24,RU,1724524689
476,san miguel,13.4833,-88.1833,32.78,58,0,3.09,SV,1724524499
477,cidreira,-30.1811,-50.2056,12.85,60,54,5.77,BR,1724524249
478,yanam,16.7333,82.2167,25.93,83,100,3.51,IN,1724524693
479,namibe,-15.1961,12.1522,17.43,87,7,2.78,AO,1724524695
480,san patricio,28.017,-97.5169,33.97,37,13,6.18,US,1724524161
481,morondava,-20.2833,44.2833,22.97,74,0,6.49,MG,1724524697
482,steamboat springs,40.485,-106.8317,22.97,50,75,2.57,US,1724524411
483,tsiombe,-25.3,45.4833,17.57,58,0,6.89,MG,1724524701
484,ghat,24.9647,10.1728,37.44,22,24,6.27,LY,1724524700
485,barcelos,41.5388,-8.6151,18.94,64,3,4.8,PT,1724524703
486,mount pearl,47.5166,-52.7813,23.03,59,40,9.77,CA,1724524704
487,bethlehem,-1.4558,-48.5044,33.02,52,40,4.12,BR,1724524706
488,al bayda',32.7627,21.7551,22.9,85,0,4.03,LY,1724524707
489,newman,37.3138,-121.0208,23.92,30,3,1.74,US,1724524708
490,island harbour,50.724,-1.2758,17.21,72,84,2.68,GB,1724524709
491,arkhangel'sk,64.5401,40.5433,17.06,82,75,5.0,RU,1724524416
492,sorong,-0.8833,131.25,26.07,84,100,1.69,ID,1724524711
493,taltal,-25.4,-70.4833,19.33,52,31,1.75,CL,1724524713
494,paseh,-7.1026,107.7641,18.05,96,16,2.11,ID,1724524714
495,colipapa,9.4726,122.5616,27.29,84,100,5.18,PH,1724524715
496,bengkulu,-3.8004,102.2655,23.14,93,48,2.23,ID,1724524716
497,saynshand,44.8824,110.1163,19.37,42,100,2.96,MN,1724524717
498,seka,17.9285,103.9552,24.94,92,100,0.83,TH,1724524718
499,port victoria,0.0939,33.9756,22.66,69,31,2.42,KE,1724524719
500,sao gabriel da cachoeira,-0.1303,-67.0892,33.89,59,40,1.54,BR,1724524721
501,paidha,2.4167,30.9855,16.57,89,99,2.02,UG,1724524722
502,revda,56.801,59.9303,9.01,92,19,1.54,RU,1724524723
503,brisas de zicatela,15.8369,-97.0419,31.29,74,0,3.6,MX,1724524724
504,chui,-33.6971,-53.4616,11.36,63,100,3.68,UY,1724524725
505,howard springs,-12.497,131.047,24.95,91,73,0.82,AU,1724524131
506,sao joao da barra,-21.6403,-41.0511,28.05,81,4,6.19,BR,1724524729
507,lata,40.1629,-8.3327,18.61,66,95,2.5,PT,1724524730
508,carnarvon,-24.8667,113.6333,19.48,63,93,5.27,AU,1724524473
509,port douglas,-16.4833,145.4667,21.97,84,95,5.41,AU,1724524733
510,port moresby,-9.4431,147.1797,23.68,88,20,4.12,PG,1724524707
511,khandyga,62.6667,135.6,14.77,76,100,1.49,RU,1724524736
512,hafnarfjordur,64.0671,-21.9377,8.93,66,75,9.77,IS,1724524737
513,ar ruways,24.1103,52.7306,33.0,66,0,5.98,AE,1724524472
514,corner brook,48.9667,-57.9484,20.85,57,23,5.03,CA,1724524739
515,sofifi,0.7349,127.576,25.53,82,100,0.3,ID,1724524741
516,dudinka,69.4058,86.1778,8.45,85,98,1.79,RU,1724524742
517,arkalyk,50.2486,66.9114,12.34,73,65,2.81,KZ,1724524151
518,amos,48.5669,-78.1162,22.9,62,99,1.83,CA,1724524630
519,novosilikatnyy,53.3097,83.6239,18.32,77,75,2.0,RU,1724524747
520,wanning,18.8003,110.3967,26.45,88,49,3.12,CN,1724524749
521,neem ka thana,27.7333,75.8,27.46,77,37,2.72,IN,1724524750
522,nikel,69.4128,30.222,15.45,82,100,7.45,RU,1724524751
523,taoudenni,22.6783,-3.9836,41.22,19,7,5.53,ML,1724524752
524,mugia,43.1041,-9.2179,18.84,64,0,6.95,ES,1724524753
525,toulepleu guere,6.574,-8.4259,21.43,99,100,1.95,CI,1724524754
526,golfito,8.639,-83.166,26.24,82,92,1.71,CR,1724524756
527,delitzsch,51.5333,12.35,30.21,37,0,3.6,DE,1724524757
528,griffith,41.5284,-87.4237,32.19,56,0,5.14,US,1724524758
529,punta del este,-34.9667,-54.95,11.06,85,75,8.23,UY,1724524500
530,egilsstadir,65.2653,-14.3948,8.95,87,100,4.63,IS,1724524686
531,tanjung selor,2.8372,117.3642,23.06,97,100,1.39,ID,1724524763
532,nouadhibou,20.931,-17.0347,24.99,65,38,9.77,MR,1724524764
533,puerto leguizamo,-0.1934,-74.7819,35.21,40,49,0.68,CO,1724524765
534,malpica,43.3228,-8.8105,19.02,100,0,4.27,ES,1724524766
535,gwanda,-20.9333,29.0,15.76,42,0,2.67,ZW,1724524767
536,puerto varas,-41.3195,-72.9854,10.12,62,75,4.12,CL,1724524769
537,gargalianoi,37.0667,21.6333,26.24,72,47,2.43,GR,1724524770
538,las lomitas,-24.7096,-60.593,20.69,20,0,4.88,AR,1724524771
539,jincheng,35.5022,112.8328,24.44,91,75,1.41,CN,1724524772
540,acarau,-2.8856,-40.12,28.49,64,99,9.46,BR,1724524773
541,waingapu,-9.6567,120.2641,24.13,80,9,3.51,ID,1724524774
542,salamanca,40.8333,-6.0,30.35,56,98,6.9,ES,1724524777
543,malango,-2.9627,119.9001,17.33,95,91,0.87,ID,1724524778
544,kristiansund,63.1115,7.732,14.36,67,40,2.06,NO,1724524779
545,carlos a. carrillo,18.3667,-95.75,31.76,61,13,1.74,MX,1724524780
546,zuera,41.8677,-0.7898,30.0,38,100,1.72,ES,1724524782
547,caleta de carquin,-11.0925,-77.6267,18.73,72,19,4.18,PE,1724524742
548,robertsport,6.7533,-11.3686,25.34,87,100,8.54,LR,1724524518
549,metro,-5.1131,105.3067,22.42,87,51,2.59,ID,1724524672
550,saint-joseph,-21.3667,55.6167,19.21,69,32,3.9,RE,1724524787
551,betio village,1.358,172.9211,27.02,73,75,3.67,KI,1724524512
552,santa ana,33.7456,-117.8678,27.13,58,20,4.12,US,1724524790
553,dunedin,-45.8742,170.5036,8.22,89,100,1.79,NZ,1724524701
554,moab,38.5733,-109.5498,30.34,34,0,0.89,US,1724524711
555,meulaboh,4.1363,96.1285,24.32,91,100,1.96,ID,1724524793
556,arquitecto tomas romero pereira,-26.4833,-55.25,14.5,50,5,3.09,PY,1724524794
557,vilyuysk,63.7553,121.6247,13.96,96,100,0.78,RU,1724524796
558,touros,-5.1989,-35.4608,27.15,66,10,7.75,BR,1724524316
559,svetlyy,54.675,20.1347,20.23,71,0,3.86,RU,1724524798
560,meadow lakes,61.6247,-149.6011,10.21,96,100,0.0,US,1724524800
561,zhanaozen,43.3,52.8,28.02,20,100,4.85,KZ,1724524801
562,antsiranana,-12.2787,49.2917,23.69,67,41,8.03,MG,1724524803
563,necochea,-38.5473,-58.7368,9.0,67,100,6.53,AR,1724524804
564,ambon,-3.6954,128.1814,27.15,95,100,3.88,ID,1724524805
565,grand gaube,-20.0064,57.6608,20.21,75,88,0.89,MU,1724524806
566,floro,61.5996,5.0328,11.98,87,75,6.17,NO,1724524645
567,bahia honda,22.9036,-83.1592,30.14,75,60,4.7,CU,1724524808
568,khamis mushait,18.3064,42.7292,19.34,82,0,4.12,SA,1724524810
569,muynoq,43.7683,59.0214,20.47,57,100,2.94,UZ,1724524811
570,majie,25.0333,102.6361,18.99,82,40,2.0,CN,1724524812
571,taksimo,56.3444,114.8794,11.32,87,7,2.16,RU,1724524813
572,fort-shevchenko,44.5086,50.263,25.08,49,100,8.81,KZ,1724524605
573,yeed,4.55,43.0333,30.19,37,64,6.25,SO,1724524817
574,darasun,51.6667,114.0,10.83,82,0,1.83,RU,1724524818
575,arboga,59.3939,15.8388,17.45,57,100,4.19,SE,1724524819
576,at taj,24.2049,23.2857,37.95,14,0,3.55,LY,1724524820
577,biloela,-24.4167,150.5,15.15,93,0,1.02,AU,1724524821
578,kaohsiung,22.6163,120.3133,27.24,88,20,1.03,TW,1724524764
579,santana,-0.0583,-51.1817,33.1,62,40,3.6,BR,1724524824
580,ayr,55.4627,-4.6339,11.99,94,75,6.17,GB,1724524825
581,bajina basta,43.9708,19.5675,24.72,36,100,0.96,RS,1724524826
582,sterling,39.0062,-77.4286,30.08,49,75,4.12,US,1724524666
583,bensekrane,35.0747,-1.2243,29.99,39,0,1.67,DZ,1724524828
584,muroto-misakicho,33.2833,134.15,28.46,75,69,1.96,JP,1724524830
585,fuerte olimpo,-21.0415,-57.8738,24.93,30,52,4.41,PY,1724524831
586,la sarre,48.8002,-79.1996,23.15,68,19,2.56,CA,1724524832
587,neropolis,-16.4064,-49.2186,32.49,16,0,2.28,BR,1724524833
588,jurm,36.8648,70.8342,15.97,35,0,0.92,AF,1724524834
589,as sulayyil,20.4607,45.5779,38.25,15,100,3.69,SA,1724524837
590,ebon,4.582,168.6964,28.12,75,86,5.24,MH,1724524838
591,sao tome,0.3365,6.7273,24.38,81,92,2.51,ST,1724524839
592,fortaleza,-3.7227,-38.5247,30.61,74,20,8.23,BR,1724524735
593,buulobarde,3.8538,45.5674,24.84,74,11,9.78,SO,1724524841
594,mulanje,-16.0316,35.5,17.81,78,7,3.6,MW,1724524843
595,jwaneng,-24.6004,24.7303,17.13,29,0,3.98,BW,1724524844
596,qamdo,31.1667,97.2333,7.43,64,17,1.09,CN,1724524845
597,chanika,-5.4167,38.0167,18.89,84,0,2.65,TZ,1724524846
598,garwolin,51.8975,21.6147,21.28,74,4,0.45,PL,1724524847
599,chontalpa,17.7,-93.5167,31.08,66,98,2.88,MX,1724524848
